﻿<?xml version="1.0" encoding="utf-8" ?>
<Customer>
  <Batch_Number ColumnStart="1" ColumnEnd="10"></Batch_Number>
  <Division ColumnStart="11" ColumnEnd="15"></Division>
  <Sub_Division ColumnStart="16" ColumnEnd="20"></Sub_Division>
  <Order_Number ColumnStart="21" ColumnEnd="30"></Order_Number>
  <Sub_Order_ID ColumnStart="31" ColumnEnd="40"></Sub_Order_ID>
  <Order_DateTime ColumnStart="41" ColumnEnd="54"></Order_DateTime>
  <Username ColumnStart="55" ColumnEnd="309"></Username>
  <Customer_NO ColumnStart="310" ColumnEnd="319"></Customer_NO>
  <Email ColumnStart="320" ColumnEnd="574"></Email>
  <ShipToName ColumnStart="575" ColumnEnd="674"></ShipToName>
  <Day_Phone ColumnStart="675" ColumnEnd="704"></Day_Phone>
  <Ship_Address1 ColumnStart="705" ColumnEnd="739"></Ship_Address1>
  <Ship_Address2 ColumnStart="740" ColumnEnd="774"></Ship_Address2>
  <Ship_Address3 ColumnStart="775" ColumnEnd="809"></Ship_Address3>
  <Ship_City ColumnStart="810" ColumnEnd="844"></Ship_City>
  <Ship_County ColumnStart="845" ColumnEnd="879"></Ship_County>
  <Ship_State ColumnStart="880" ColumnEnd="881"></Ship_State>
  <Ship_Zip_Code ColumnStart="882" ColumnEnd="890"></Ship_Zip_Code>
  <Ship_Country_Code ColumnStart="891" ColumnEnd="892"></Ship_Country_Code>
  <Ship_Country ColumnStart="893" ColumnEnd="927"></Ship_Country>    
  <Total_Payment_Lines ColumnStart="928" ColumnEnd="932"></Total_Payment_Lines>
  <Ship_Method ColumnStart="933" ColumnEnd="936"></Ship_Method>
  <Ship_Company ColumnStart="937" ColumnEnd="940"></Ship_Company>
  <Total_Order_Lines ColumnStart="941" ColumnEnd="945"></Total_Order_Lines>
  <Shipping_Price ColumnStart="946" ColumnEnd="954"></Shipping_Price>
  <Status ColumnStart="955" ColumnEnd="956"></Status>
  <Discount_Source_Codes ColumnStart="957" ColumnEnd="1156"></Discount_Source_Codes>
  <Process_Date ColumnStart="1157" ColumnEnd="1170"></Process_Date>
  <Original_Order_Number ColumnStart="1171" ColumnEnd="1180"></Original_Order_Number>
  <Transaction_Type_Identifier ColumnStart="1181" ColumnEnd="1189"></Transaction_Type_Identifier>
  <Taxable_Shipping_Amount ColumnStart="1206" ColumnEnd="1220"></Taxable_Shipping_Amount>
</Customer>