﻿<?xml version="1.0" encoding="utf-8" ?>
<PaymentDetail>
  <Batch_Number ColumnStart="1" ColumnEnd="10"></Batch_Number>
  <Division ColumnStart="11" ColumnEnd="15"></Division>
  <Sub_Division ColumnStart="16" ColumnEnd="20"></Sub_Division>
  <Order_Number ColumnStart="21" ColumnEnd="30"></Order_Number>
  <Payment_Number ColumnStart="31" ColumnEnd="32"></Payment_Number>
  <Order_DateTime ColumnStart="33" ColumnEnd="46"></Order_DateTime>
  <Bill_To_First_Name ColumnStart="47" ColumnEnd="96"></Bill_To_First_Name>
  <Bill_To_Last_Name ColumnStart="97" ColumnEnd="146"></Bill_To_Last_Name>
  <Bill_To_Full_Name ColumnStart="147" ColumnEnd="246"></Bill_To_Full_Name>
  <Bill_Street_Name ColumnStart="247" ColumnEnd="281"></Bill_Street_Name>
  <Bill_Address_1 ColumnStart="282" ColumnEnd="316"></Bill_Address_1>
  <Bill_Address_2 ColumnStart="315" ColumnEnd="351"></Bill_Address_2>
  <Bill_Address_3 ColumnStart="350" ColumnEnd="386"></Bill_Address_3>
  <Bill_CityLocality ColumnStart="387" ColumnEnd="421"></Bill_CityLocality>
  <Bill_State ColumnStart="420" ColumnEnd="423"></Bill_State>
  <Bill_Zip_Code ColumnStart="422" ColumnEnd="432"></Bill_Zip_Code>
  <Bill_Country_Code ColumnStart="433" ColumnEnd="434"></Bill_Country_Code>
  <Bill_Country ColumnStart="435" ColumnEnd="469"></Bill_Country>
  <Credit_Card_Type ColumnStart="470" ColumnEnd="473"></Credit_Card_Type>
  <Credit_Card_Number ColumnStart="474" ColumnEnd="497"></Credit_Card_Number>
  <Credit_Card_Expiration ColumnStart="498" ColumnEnd="501"></Credit_Card_Expiration>
  <CCV2 ColumnStart="502" ColumnEnd="505"></CCV2>
  <Authorization_Code ColumnStart="506" ColumnEnd="555"></Authorization_Code>
  <Status ColumnStart="556" ColumnEnd="557"></Status>
  <Amount ColumnStart="558" ColumnEnd="572"></Amount>
  <Phone ColumnStart="573" ColumnEnd="602"></Phone>
  <Hashed_Account ColumnStart="603" ColumnEnd="622"></Hashed_Account>
  <Transaction_Type_Identifier ColumnStart="623" ColumnEnd="631"></Transaction_Type_Identifier>
</PaymentDetail>
